{"cameraMode":{"drawMode":0,"name":"Shaded","section":"Shading Mode"},"sceneLighting":true,"audioPlay":false,"sceneViewState":{"showFog":false,"showMaterialUpdate":false,"showSkybox":false,"showFlares":false,"showImageEffects":false,"showParticleSystems":false},"in2DMode":false,"pivot":{"x":-762.5343017578125,"y":352.68505859375,"z":608.5548095703125},"rotation":{"x":-0.013071142137050629,"y":-0.9865825176239014,"z":0.10129277408123017,"w":-0.12737277150154115},"size":80.67489624023438,"orthographic":false}