{"cameraMode":{"drawMode":0,"name":"Shaded","section":"Shading Mode"},"sceneLighting":true,"audioPlay":false,"sceneViewState":{"showFog":false,"showMaterialUpdate":false,"showSkybox":false,"showFlares":false,"showImageEffects":false,"showParticleSystems":false},"in2DMode":false,"pivot":{"x":-1461.858642578125,"y":896.4304809570313,"z":-290.4090270996094},"rotation":{"x":0.017222842201590539,"y":-0.6864808201789856,"z":-0.016261400654911996,"w":-0.7267619967460632},"size":3160.276611328125,"orthographic":false}